ProductId,ConsumptionScheduleId,Errors
01t8d000002PCkFAAW,0Mh8d000000D5fVCAS,"SBQQ.ProductConsumptionScheduleBefore: execution of BeforeInsert

caused by: System.QueryException: invalid ID field: null

(System Code)"
01t8d000002PCkDAAW,0Mh8d000000D5fTCAS,"SBQQ.ProductConsumptionScheduleBefore: execution of BeforeInsert

caused by: System.QueryException: invalid ID field: null

(System Code)"
,0Mh8d000000D5fWCAS,"SBQQ.ProductConsumptionScheduleBefore: execution of BeforeInsert

caused by: System.QueryException: invalid ID field: null

(System Code)"
01t8d000002PCkHAAW,0Mh8d000000D5fUCAS,"SBQQ.ProductConsumptionScheduleBefore: execution of BeforeInsert

caused by: System.QueryException: invalid ID field: null

(System Code)"
01t8d000002PCkGAAW,0Mh8d000000D5fTCAS,"SBQQ.ProductConsumptionScheduleBefore: execution of BeforeInsert

caused by: System.QueryException: invalid ID field: null

(System Code)"
